Country,Percentage,Submission,Population
Denmark,5.24749E-05,3,5717014
Belgium,1.76686E-05,2,11319511
Switzerland,1.19881E-05,1,8341600
Netherlands,1.1751E-05,2,17019800
Austria,1.14601E-05,1,8725931
Sweden,1.01062E-05,1,9894888
France,4.49708E-06,3,66710000
Italy,1.64838E-06,1,60665551
United Kingdom,1.53586E-06,1,65110000
USA,9.26E-07,3,323947000
